,precision,recall,f1-score,support
0,0.0,0.0,0.0,4828.0
1,0.9982121573301549,0.39757892238309994,0.5686640638261755,4213.0
2,0.8273866923818708,0.7957338279619754,0.8112516251034156,4313.0
3,0.9862050669850113,1.0,0.9930546280219047,7435.0
4,0.42445131130655256,1.0,0.5959506062965847,5357.0
accuracy,0.6845789030826895,0.6845789030826895,0.6845789030826895,0.6845789030826895
macro avg,0.6472510456007179,0.6386625500690151,0.5937841846496161,26146.0
weighted avg,0.6647367463771786,0.6845789030826895,0.6299463978139821,26146.0
