,precision,recall,f1-score,support
0,1.0,0.9966859983429992,0.9983402489626556,4828.0
1,0.9997626394493235,0.9997626394493235,0.9997626394493235,4213.0
2,0.9997681428240204,0.9997681428240204,0.9997681428240204,4313.0
3,1.0,1.0,1.0,7435.0
4,0.9970221477759166,1.0,0.9985088536812674,5357.0
accuracy,0.9993115581733344,0.9993115581733344,0.9993115581733344,0.9993115581733344
macro avg,0.999310586009852,0.9992433561232688,0.9992759769834534,26146.0
weighted avg,0.9993133804649119,0.9993115581733344,0.9993115065846496,26146.0
