,precision,recall,f1-score,support
0,1.0,1.0,1.0,3879.0
1,0.9913921044820422,1.0,0.9956774482039052,3340.0
2,1.0,0.9914124962984898,0.9956877323420075,3377.0
3,1.0,1.0,1.0,5967.0
4,1.0,1.0,1.0,4353.0
accuracy,0.9986135016255498,0.9986135016255498,0.9986135016255498,0.9986135016255498
macro avg,0.9982784208964084,0.9982824992596979,0.9982730361091825,20916.0
weighted avg,0.998625436458693,0.9986135016255498,0.9986135087550202,20916.0
