,precision,recall,f1-score,support
0,1.0,0.9762825470482083,0.9879989564309939,3879.0
1,1.0,1.0,1.0,3340.0
2,1.0,1.0,1.0,3377.0
3,1.0,1.0,1.0,5967.0
4,0.9793025871766029,1.0,0.9895430779722664,4353.0
accuracy,0.9956014534327787,0.9956014534327787,0.9956014534327787,0.9956014534327787
macro avg,0.9958605174353206,0.9952565094096417,0.9955084068806521,20916.0
weighted avg,0.9956924919669035,0.9956014534327787,0.9955980574875264,20916.0
