,precision,recall,f1-score,support
0,0.9997353096876654,0.9737045630317092,0.9865482564973227,3879.0
1,1.0,1.0,1.0,3340.0
2,1.0,0.9997039668442865,0.9998519615099926,3378.0
3,1.0,1.0,1.0,5967.0
4,0.9770992366412213,1.0,0.9884169884169884,4352.0
accuracy,0.9950755402562631,0.9950755402562631,0.9950755402562631,0.9950755402562631
macro avg,0.9953669092657774,0.9946817059751991,0.9949634412848607,20916.0
weighted avg,0.9951859411044677,0.9950755402562631,0.9950713017080036,20916.0
