,precision,recall,f1-score,support
0,0.999792917788362,1.0,0.9998964481723103,4828.0
1,0.9926955702167767,1.0,0.996334397540499,4213.0
2,1.0,0.9925805703686529,0.9962764719571794,4313.0
3,1.0,1.0,1.0,7435.0
4,1.0,1.0,1.0,5357.0
accuracy,0.998776103419261,0.998776103419261,0.998776103419261,0.998776103419261
macro avg,0.9984976976010277,0.9985161140737306,0.9985014635339977,26146.0
weighted avg,0.9987847718352899,0.998776103419261,0.998775999853337,26146.0
