,precision,recall,f1-score,support
0,0.9997422680412371,1.0,0.9998711174120376,3879.0
1,0.9893364928909952,1.0,0.9946396664681357,3340.0
2,1.0,0.9890467732386027,0.9944932281589522,3378.0
3,1.0,1.0,1.0,5967.0
4,1.0,1.0,1.0,4352.0
accuracy,0.9982310193153566,0.9982310193153566,0.9982310193153566,0.9982310193153566
macro avg,0.9978157521864464,0.9978093546477205,0.9978008024078251,20916.0
weighted avg,0.9982493853503481,0.9982310193153566,0.9982307647334961,20916.0
