,precision,recall,f1-score,support
0,1.0,0.9757607013924704,0.9877316627512398,3878.0
1,1.0,1.0,1.0,3341.0
2,1.0,1.0,1.0,3377.0
3,1.0,1.0,1.0,5967.0
4,0.9788621542612997,1.0,0.9893181818181819,4353.0
accuracy,0.9955058328552304,0.9955058328552304,0.9955058328552304,0.9955058328552304
macro avg,0.99577243085226,0.9951521402784941,0.9954099689138843,20916.0
weighted avg,0.9956008298670604,0.9955058328552304,0.9955022678142976,20916.0
