,precision,recall,f1-score,support
0,0.6695278969957081,0.9370339685169843,0.781009926629262,4828.0
1,0.8663239074550129,0.31996202231189175,0.4673253596810539,4213.0
2,0.98114541597926,0.9652214236030605,0.9731182795698925,4313.0
3,0.971012574454004,0.986684599865501,0.9787858572381588,7435.0
4,0.855675227837614,0.9639723725966026,0.9066011235955056,5357.0
accuracy,0.8618909202172417,0.8618909202172417,0.8618909202172417,0.8618909202172417
macro avg,0.8687370045443197,0.8345748773788081,0.8213681093427745,26146.0
weighted avg,0.8765132018095853,0.8618909202172417,0.8441272804082512,26146.0
