,precision,recall,f1-score,support
0,1.0,0.9778293374581077,0.9887904066736184,3879.0
1,1.0,0.9994011976047904,0.9997005091344713,3340.0
2,0.9994082840236687,1.0,0.9997040544539805,3378.0
3,1.0,1.0,1.0,5967.0
4,0.9806262671772922,1.0,0.9902183803457688,4353.0
accuracy,0.9957928957307454,0.9957928957307454,0.9957928957307454,0.9957928957307454
macro avg,0.9960069102401921,0.9954461070125795,0.9956826701215679,20917.0
weighted avg,0.9958726071833774,0.9957928957307454,0.995789960012754,20917.0
