,precision,recall,f1-score,support
0,0.664804469273743,0.8896622840938386,0.7609702315325247,3879.0
1,0.8197303051809794,0.3458083832335329,0.4864181933038535,3340.0
2,0.975733972438586,0.9641799881586738,0.9699225729600953,3378.0
3,0.9734778982485405,0.9780459192223898,0.9757565624477512,5967.0
4,0.8258077463375476,0.9455422794117647,0.881628280664167,4352.0
accuracy,0.8516924842226047,0.8516924842226047,0.8516924842226047,0.8516924842226047
macro avg,0.8519108782958794,0.8246477708240398,0.8149391681816782,20916.0
weighted avg,0.8613197095728108,0.8516924842226047,0.8372549450556952,20916.0
