,precision,recall,f1-score,support
0,1.0,1.0,1.0,3879.0
1,0.9994015559545183,1.0,0.9997006884166418,3340.0
2,1.0,0.9994077583654131,0.9997037914691943,3377.0
3,1.0,1.0,1.0,5967.0
4,1.0,1.0,1.0,4353.0
accuracy,0.9999043794224517,0.9999043794224517,0.9999043794224517,0.9999043794224517
macro avg,0.9998803111909037,0.9998815516730826,0.9998808959771672,20916.0
weighted avg,0.9999044366460171,0.9999043794224517,0.9999043795708095,20916.0
