,precision,recall,f1-score,support
0,0.999787460148778,0.9743164871582436,0.9868876534144551,4828.0
1,1.0,0.9997626394493235,0.9998813056379822,4213.0
2,0.9997681428240204,0.9997681428240204,0.9997681428240204,4313.0
3,1.0,1.0,1.0,7435.0
4,0.9773763911694946,1.0,0.9885587746816755,5357.0
accuracy,0.9951809072133405,0.9951809072133405,0.9951809072133405,0.9951809072133405
macro avg,0.9953863988284585,0.9947694538863174,0.9950191753116266,26146.0
weighted avg,0.9952872020612438,0.9951809072133405,0.9951771929667079,26146.0
