,precision,recall,f1-score,support
0,1.0,0.9757669502449084,0.9877348643006263,3879.0
1,1.0,1.0,1.0,3340.0
2,1.0,1.0,1.0,3377.0
3,1.0,1.0,1.0,5967.0
4,0.9788621542612997,1.0,0.9893181818181819,4353.0
accuracy,0.9955058328552304,0.9955058328552304,0.9955058328552304,0.9955058328552304
macro avg,0.99577243085226,0.9951533900489817,0.9954106092237616,20916.0
weighted avg,0.9956008298670604,0.9955058328552304,0.9955022750084469,20916.0
