,precision,recall,f1-score,support
0,1.0,1.0,1.0,3879.0
1,0.9997006884166417,1.0,0.9998503218081125,3340.0
2,1.0,0.9997039668442865,0.9998519615099926,3378.0
3,1.0,1.0,1.0,5967.0
4,1.0,1.0,1.0,4352.0
accuracy,0.9999521897112259,0.9999521897112259,0.9999521897112259,0.9999521897112259
macro avg,0.9999401376833283,0.9999407933688573,0.999940456663621,20916.0
weighted avg,0.9999522040213992,0.9999521897112259,0.9999521897504232,20916.0
