,precision,recall,f1-score,support
0,1.0,1.0,1.0,4828.0
1,0.9997626957759849,1.0,0.9998813338079982,4213.0
2,1.0,0.9997681428240204,0.9998840579710144,4313.0
3,1.0,1.0,1.0,7435.0
4,1.0,1.0,1.0,5357.0
accuracy,0.9999617532318519,0.9999617532318519,0.9999617532318519,0.9999617532318519
macro avg,0.999952539155197,0.9999536285648041,0.9999530783558026,26146.0
weighted avg,0.9999617623079715,0.9999617532318519,0.9999617532839471,26146.0
