,precision,recall,f1-score,support
0,0.6617357001972387,0.6949047224523612,0.6779147302485352,4828.0
1,0.5371450797355115,0.32779492048421555,0.4071344339622642,4213.0
2,0.8608992372541148,0.9944354277764896,0.9228617536309843,4313.0
3,0.9807413270017148,1.0,0.9902770378263186,7435.0
4,0.9015483002356109,1.0,0.9482255066820072,5357.0
accuracy,0.834429740686912,0.834429740686912,0.834429740686912,0.834429740686912
macro avg,0.7884139288848382,0.8034270141426132,0.789282692470022,26146.0
weighted avg,0.8143622964267916,0.834429740686912,0.8188972021291048,26146.0
