,precision,recall,f1-score,support
0,0.9159763313609467,0.9976798143851509,0.9550839091806516,3879.0
1,0.6360237519243457,0.8658682634730539,0.7333586915176873,3340.0
2,1.0,0.9878590464909683,0.993892447489945,3377.0
3,0.9841662543295399,1.0,0.9920199501246884,5967.0
4,0.9941712204007286,0.6269239604870205,0.7689489997182304,4353.0
accuracy,0.898546567221266,0.898546567221266,0.898546567221266,0.898546567221266
macro avg,0.9060675116031123,0.8956662169672388,0.8886607996062406,20916.0
weighted avg,0.9205650641979901,0.898546567221266,0.8977424625512449,20916.0
