,precision,recall,f1-score,support
0,1.0,1.0,1.0,3878.0
1,0.99168892846542,1.0,0.9958271236959761,3341.0
2,1.0,0.9917086171157833,0.9958370502527505,3377.0
3,1.0,1.0,1.0,5967.0
4,1.0,1.0,1.0,4353.0
accuracy,0.998661311914324,0.998661311914324,0.998661311914324,0.998661311914324
macro avg,0.998337785693084,0.9983417234231566,0.9983328347897453,20916.0
weighted avg,0.9986724378467665,0.998661311914324,0.9986613185586056,20916.0
