,precision,recall,f1-score,support
0,0.6820007301935013,0.9631348285640629,0.7985465426953084,3879.0
1,0.9931693989071039,0.21766467065868264,0.3570726915520629,3340.0
2,0.9732302201070792,0.9686204854943754,0.970919881305638,3378.0
3,0.9779532741033234,0.9961454667337021,0.9869655458696555,5967.0
4,0.8264666793240935,1.0,0.9049896049896051,4353.0
accuracy,0.8620739111727304,0.8620739111727304,0.8620739111727304,0.8620739111727304
macro avg,0.8905640605270202,0.8291130902901646,0.803698853282454,20917.0
weighted avg,0.8932110221334005,0.8620739111727304,0.8317920997596894,20917.0
