,precision,recall,f1-score,support
0,1.0,1.0,1.0,3879.0
1,0.9922756981580511,1.0,0.9961228750372799,3340.0
2,1.0,0.9923031379514505,0.9961367013372957,3378.0
3,1.0,1.0,1.0,5967.0
4,1.0,1.0,1.0,4353.0
accuracy,0.9987569919204475,0.9987569919204475,0.9987569919204475,0.9987569919204475
macro avg,0.9984551396316104,0.9984606275902902,0.9984519152749151,20917.0
weighted avg,0.9987665932900459,0.9987569919204475,0.9987570005135488,20917.0
