,precision,recall,f1-score,support
0,0.9991589571068125,0.24606462303231152,0.39488117001828155,4828.0
1,0.7867861609003751,0.8960360788037028,0.8378648318721562,4213.0
2,0.7864039408866995,0.9253419893345699,0.8502343417128249,4313.0
3,0.9090353343929576,1.0,0.9523504547201229,7435.0
4,0.6137581462708183,0.7911144297181258,0.6912412330778013,5357.0
accuracy,0.7889160865906831,0.7889160865906831,0.7889160865906831,0.7889160865906831
macro avg,0.8190285079115325,0.771711424177742,0.7453144062802373,26146.0
weighted avg,0.8252508926265477,0.7889160865906831,0.7606202271007025,26146.0
