,precision,recall,f1-score,support
0,1.0,1.0,1.0,3879.0
1,0.9878734102336587,1.0,0.9938997173039726,3340.0
2,1.0,0.9878590464909683,0.993892447489945,3377.0
3,1.0,1.0,1.0,5967.0
4,1.0,1.0,1.0,4353.0
accuracy,0.9980397781602601,0.9980397781602601,0.9980397781602601,0.9980397781602601
macro avg,0.9975746820467318,0.9975718092981936,0.9975584329587835,20916.0
weighted avg,0.9980635489663616,0.9980397781602601,0.9980397710350359,20916.0
