,precision,recall,f1-score,support
0,0.9681107099879663,0.9997928748964374,0.9836967597309966,4828.0
1,0.9861481086840703,0.87870875860432,0.9293335006903476,4213.0
2,1.0,0.9872478553211221,0.9935830124839575,4313.0
3,1.0,1.0,1.0,7435.0
4,0.9119551899177315,0.9725592682471532,0.941282746160795,5357.0
accuracy,0.9726918075422627,0.9726918075422627,0.9726918075422627,0.9726918075422627
macro avg,0.9732428017179536,0.9676617514138066,0.9695792038132194,26146.0
weighted avg,0.9738401454179293,0.9726918075422627,0.9725137764253183,26146.0
