,precision,recall,f1-score,support
0,1.0,0.9997928748964374,0.9998964267219058,4828.0
1,1.0,1.0,1.0,4213.0
2,0.9997681965693093,1.0,0.9998840848498899,4313.0
3,1.0,1.0,1.0,7435.0
4,1.0,1.0,1.0,5357.0
accuracy,0.9999617532318519,0.9999617532318519,0.9999617532318519,0.9999617532318519
macro avg,0.9999536393138619,0.9999585749792874,0.9999561023143592,26146.0
weighted avg,0.999961762097584,0.9999617532318519,0.9999617534678703,26146.0
