,precision,recall,f1-score,support
0,0.0,0.0,0.0,4828.0
1,0.91432651118515,0.4559696178495134,0.608489071903706,4213.0
2,0.7482164607621368,0.9969858567122653,0.8548707753479126,4313.0
3,0.8957831325301204,1.0,0.9450270098506514,7435.0
4,0.5147603322325628,0.9602389397050588,0.6702280130293159,5357.0
accuracy,0.71903924118412,0.71903924118412,0.71903924118412,0.71903924118412
macro avg,0.614617287341994,0.6826388828533675,0.6157229740263173,26146.0
weighted avg,0.6309505804720194,0.71903924118412,0.6451200718290944,26146.0
