,precision,recall,f1-score,support
0,0.9457256461232605,0.9852941176470589,0.9651044836680869,4828.0
1,0.9995253915519696,0.9997626394493235,0.9996440014239943,4213.0
2,0.9997681428240204,0.9997681428240204,0.9997681428240204,4313.0
3,0.9997310743579401,1.0,0.9998655190962884,7435.0
4,0.9869953416149069,0.9492253126750047,0.967741935483871,5357.0
accuracy,0.9868048649889084,0.9868048649889084,0.9868048649889084,0.9868048649889084
macro avg,0.9863491192944196,0.9868100425190814,0.9864248164992523,26146.0
weighted avg,0.9871222549137111,0.9868048649889084,0.9868132145650123,26146.0
