,precision,recall,f1-score,support
0,0.8754681647940075,0.1936619718309859,0.31716417910447753,4828.0
1,0.8780976220275344,0.8326608117730833,0.854775828460039,4213.0
2,0.9414956357631517,0.9253419893345699,0.9333489242282508,4313.0
3,0.7558967059780398,1.0,0.8609808349255977,7435.0
4,0.6406963470319634,0.8381556841515774,0.7262434290335624,5357.0
accuracy,0.7786659527269946,0.7786659527269946,0.7786659527269946,0.7786659527269946
macro avg,0.8183308951189394,0.7579640914180432,0.7385026391503855,26146.0
weighted avg,0.8046798209389925,0.7786659527269946,0.7438939680723483,26146.0
