,precision,recall,f1-score,support
0,1.0,0.9997422015983501,0.9998710841820292,3879.0
1,1.0,1.0,1.0,3340.0
2,0.9997040544539805,1.0,0.9998520053278083,3378.0
3,1.0,1.0,1.0,5967.0
4,1.0,1.0,1.0,4352.0
accuracy,0.9999521897112259,0.9999521897112259,0.9999521897112259,0.9999521897112259
macro avg,0.9999408108907961,0.99994844031967,0.9999446179019674,20916.0
weighted avg,0.9999522038604678,0.9999521897112259,0.9999521901673086,20916.0
