,precision,recall,f1-score,support
0,1.0,0.9997928748964374,0.9998964267219058,4828.0
1,0.9997626957759849,1.0,0.9998813338079982,4213.0
2,0.9997681428240204,0.9997681428240204,0.9997681428240204,4313.0
3,1.0,1.0,1.0,7435.0
4,1.0,1.0,1.0,5357.0
accuracy,0.9999235064637039,0.9999235064637039,0.9999235064637039,0.9999235064637039
macro avg,0.9999061677200011,0.9999122035440916,0.9999091806707849,26146.0
weighted avg,0.9999235155398234,0.9999235064637039,0.9999235067523313,26146.0
