,precision,recall,f1-score,support
0,0.6003998857469295,0.43537696768848383,0.5047424660823628,4828.0
1,0.7900755124056095,0.8692143365772609,0.8277576853526221,4213.0
2,0.997164461247637,0.9784372826338975,0.9877121123464014,4313.0
3,0.9589892842968647,0.9749831876260928,0.966920101373883,7435.0
4,0.5848207107251969,0.6789247713272354,0.6283690393918452,5357.0
accuracy,0.7982100512506694,0.7982100512506694,0.7982100512506694,0.7982100512506694
macro avg,0.7862899708844475,0.7873873091705941,0.783100280909423,26146.0
weighted avg,0.7951908123465974,0.7982100512506694,0.7932175473465619,26146.0
