,precision,recall,f1-score,support
0,0.0,0.0,0.0,3879.0
1,0.0,0.0,0.0,3340.0
2,1.0,0.5361160449970397,0.6980150317980344,3378.0
3,0.9872600926538716,1.0,0.9935892098909332,5967.0
4,0.33325677537896187,1.0,0.4999138673557278,4353.0
accuracy,0.5799588851173686,0.5799588851173686,0.5799588851173686,0.5799588851173686
macro avg,0.4641033736065667,0.507223208999408,0.43830362180893906,20917.0
weighted avg,0.5124849508098805,0.5799588851173686,0.500203980371585,20917.0
